milo0922,132.749
stellahyc,104.541
gogoami,104.449
loislinlin,103.867
People2,103.436
mcdulll,103.187
ifans,102.43
kato3c,101.001
yeahyeh70,100.11
dacota,99.753
marcokao01,99.726
hiroking,99.552
ahuiliao,99.037
showmer,95.261
felicia8188999,94.474
alex90588,88.245
ofeyhong,76.884
tu0925399900,72.297
haliu13551,71.842
tony1316,71.118
examdi27,48.353
free79,44.983
ky7y7marsharx,44.375004
i4kristinajac,44.046
tommyqc247034,43.335003
newguest88,42.462
icocomo,42.023003
bonnieyu53,41.719
fanfancat,40.667
innovp0,36.940002
desiri7,36.865
touli63,36.468002
linda21f,34.170002
ddnx1tv11b,32.508003
a511895eb,31.357002
f547201fc,30.599003
maiafz2,28.931004
eleanoagneo12,28.501001
kqyc6kiooe,28.417
eli4b61arlo5,27.916002
b436610fb,27.887001
lvj116knk,27.838001
iwi61691,26.513
mdgm0rz697,25.075
gdc72jp67b,24.926
jazlyn927,24.116001
amberbear2014,22.928
r13lr19ltb,22.701
jlxvfpx79x,22.331001
ojst3ls75f,22.312002
pobiao229,21.627
iab59ly73i,21.538002
karellq628,19.266
news68oi,18.049002
f8663,17.774
rongpiao308,17.732
gangxins,16.764
qgw2mwg83z,14.986
crisscrosz4,14.726002
dowchia,12.088
violentr0,11.612
z7l51728h,11.412
lianggen77,11.379
mkeqm53341,10.433001
ezza5887,9.621
a6p51z29h,9.441
carrjohnsihdi,9.005
johnsodavidal,8.433001
dx2a25h,6.9690003
pure695,6.9160004
ezzashalu,6.886
b55xd1xfzl,6.7200003
deirdrelj695002,6.3680005
firebird0616,6.276
fatimabrad2012,6.187
tws2872,5.96
zt14c117t,5.6660004
pxtjp7virmb5c,5.62
assets03648,5.4490004
pelf01457,5.334
scottflo77,4.986
xxt519l,4.6570005
perezdianayv7,4.291
jlfyw23rclark,4.223
dra79m,4.077
vaegwy,3.9490001
rtigz74,3.6920002
rosemajeromi1,3.3330002
x5verapean,3.1820002
Dimexactr615,3.176
cashieyc,2.97
beats2017,2.631
ryesen1982,2.318
news53jb,2.278
arnoldcart428,2.278
utx7nq854d,2.092
scmua81,2.065
momo072237886,1.697
ezza805201,1.313
d7isoo2t0,1.2520008
ckr16823,1.133
sdf652ww,1.004
ise17073,1
ouncerna,0.93600005
pfb755z,0.89900017
ktq54896,0.34100008
birucat10,0.326
aoo74352,0.24000001
raf07537,0.20500004
pkv95390,0.14900005
hfp117h,-0.07099962
btdaaol,-0.17099994
catbiru01,-1.3629999
uejkmggh500573,-1.3699999
wkbwmbog363283,-1.443
afv01317,-2.283
gizkwhep223968,-2.35
tnoozxju445977,-2.3509998
rlrniwzm317615,-2.358
i2rxsy8cw,-2.4199991
wborrool747695,-2.426
tfied840nw,-2.427
ut4363xx,-2.5229998
dodo7551,-2.648
bja43351,-2.931
x1xsao7yz,-3.096
taz63253,-3.179
wdoravkq871509,-3.355
shangpan02,-3.386
aqt37785,-3.885
hkjkj66,-4.126
fvj97111,-4.239
clyrtepl813108,-4.426
jxm57814,-4.546
cwa24957,-4.73
cdv69061,-5.044
fhqqhokf554,-5.354
qudai15586,-5.362
aqj70839,-5.644
ugeXbzbLkQ,-8.179
fiaofiao288,-8.312
sHzFbixHwK,-8.674
ml4bbsangardn,-9.382
pzfMEkEFnC,-9.657
umx20410,-10.481
dg1693tg,-11.308
xssrdbbz688625,-11.398
wexjnpma209955,-11.406
car57159,-11.566
eon58580,-11.763
ulchmrvy438719,-12.304
fjkyd294,-13.202
rib51122,-13.293
fg1h6trf,-14.375
vhjk378,-16.581
udufdpnz278981,-18.213
zqcznbrt,-18.703
szfvhphf062342,-19.304
amlxitfd573457,-20.230999
chkigeca433007,-20.277
seeulbrf438586,-24.253
rlafvldv992417,-24.278
zujeeei278,-24.297
pvxftnb9h3,-24.619
ley60315,-26.656
ftg1b6r,-27.809
hlqsnlwo942478,-28.078
totkphnk589914,-28.083
unjbgxdm616736,-28.089
pztwohas001520,-28.092
qbw69381,-28.496
kuy156a,-28.521
iku1325y,-28.523
pmxclbddno,-54.162
wktthwyhtc,-54.69
rydfxgycxw,-55.143
